<?xml version="1.0" encoding="UTF-8"?>
<GenRun Id="impl_1" LaunchPart="xc7k70tfbv676-1" LaunchTime="1685601291">
  <File Type="ROUTE-BLACKBOX-DCP" Name="Processor_tb_routed_bb.dcp"/>
  <File Type="BG-BGN" Name="Processor_tb.bgn"/>
  <File Type="POSTPLACE-PWROPT-DCP" Name="Processor_tb_postplace_pwropt.dcp"/>
  <File Type="WBT-USG" Name="usage_statistics_webtalk.html"/>
  <File Type="PLACE-PRE-SIMILARITY" Name="Processor_tb_incremental_reuse_pre_placed.rpt"/>
  <File Type="BG-BIT" Name="Processor_tb.bit"/>
  <File Type="PLACE-DCP" Name="Processor_tb_placed.dcp"/>
  <File Type="ROUTE-DCP" Name="Processor_tb_routed.dcp"/>
  <File Type="PHYSOPT-DCP" Name="Processor_tb_physopt.dcp"/>
  <File Type="REPORTS-TCL" Name="Processor_tb_reports.tcl"/>
  <File Type="BITSTR-RBT" Name="Processor_tb.rbt"/>
  <File Type="PA-TCL" Name="Processor_tb.tcl"/>
  <File Type="BITSTR-MSK" Name="Processor_tb.msk"/>
  <File Type="ROUTE-TIMING-PB" Name="Processor_tb_timing_summary_routed.pb"/>
  <File Type="OPT-DCP" Name="Processor_tb_opt.dcp"/>
  <File Type="BG-BIN" Name="Processor_tb.bin"/>
  <File Type="OPT-DRC" Name="Processor_tb_drc_opted.rpt"/>
  <File Type="ROUTE-ERROR-DCP" Name="Processor_tb_routed_error.dcp"/>
  <File Type="BG-DRC" Name="Processor_tb.drc"/>
  <File Type="OPT-HWDEF" Name="Processor_tb.hwdef"/>
  <File Type="PWROPT-DCP" Name="Processor_tb_pwropt.dcp"/>
  <File Type="BITSTR-NKY" Name="Processor_tb.nky"/>
  <File Type="BITSTR-BMM" Name="Processor_tb_bd.bmm"/>
  <File Type="BITSTR-MMI" Name="Processor_tb.mmi"/>
  <File Type="BITSTR-SYSDEF" Name="Processor_tb.sysdef"/>
  <File Type="BITSTR-LTX" Name="Processor_tb.ltx"/>
  <File Type="RDI-RDI" Name="Processor_tb.vdi"/>
  <File Type="POSTROUTE-PHYSOPT-BLACKBOX-DCP" Name="Processor_tb_postroute_physopt_bb.dcp"/>
  <File Type="POSTROUTE-PHYSOPT-DCP" Name="Processor_tb_postroute_physopt.dcp"/>
  <FileSet Name="sources" Type="DesignSrcs" RelSrcDir="$PSRCDIR/sources_1">
    <Filter Type="Srcs"/>
    <File Path="$PSRCDIR/sim_1/new/ALU.vhd">
      <FileInfo>
        <Attr Name="UsedIn" Val="synthesis"/>
        <Attr Name="UsedIn" Val="simulation"/>
      </FileInfo>
    </File>
    <File Path="$PSRCDIR/sim_1/new/Pipeline.vhd">
      <FileInfo>
        <Attr Name="UsedIn" Val="synthesis"/>
        <Attr Name="UsedIn" Val="simulation"/>
      </FileInfo>
    </File>
    <File Path="$PSRCDIR/sim_1/new/Pipeline_tb.vhd">
      <FileInfo>
        <Attr Name="UsedIn" Val="synthesis"/>
        <Attr Name="UsedIn" Val="simulation"/>
      </FileInfo>
    </File>
    <File Path="$PSRCDIR/sim_1/new/Instruction_Memory.vhd">
      <FileInfo>
        <Attr Name="UsedIn" Val="synthesis"/>
        <Attr Name="UsedIn" Val="simulation"/>
      </FileInfo>
    </File>
    <File Path="$PSRCDIR/sim_1/new/Data_Memory_tb.vhd">
      <FileInfo>
        <Attr Name="UsedIn" Val="synthesis"/>
        <Attr Name="UsedIn" Val="simulation"/>
      </FileInfo>
    </File>
    <File Path="$PSRCDIR/sim_1/new/Processor.vhd">
      <FileInfo>
        <Attr Name="UsedIn" Val="synthesis"/>
        <Attr Name="UsedIn" Val="simulation"/>
      </FileInfo>
    </File>
    <File Path="$PSRCDIR/sim_1/new/Data_Memory.vhd">
      <FileInfo>
        <Attr Name="UsedIn" Val="synthesis"/>
        <Attr Name="UsedIn" Val="simulation"/>
      </FileInfo>
    </File>
    <File Path="$PSRCDIR/sim_1/new/Banc_Registre.vhd">
      <FileInfo>
        <Attr Name="UsedIn" Val="synthesis"/>
        <Attr Name="UsedIn" Val="simulation"/>
      </FileInfo>
    </File>
    <File Path="$PSRCDIR/sim_1/new/Processor_tb.vhd">
      <FileInfo>
        <Attr Name="UsedIn" Val="synthesis"/>
        <Attr Name="UsedIn" Val="simulation"/>
      </FileInfo>
    </File>
    <File Path="$PSRCDIR/sources_1/imports/component/Counter.vhd">
      <FileInfo>
        <Attr Name="ImportPath" Val="$PPRDIR/../Bureau/systeme_info/Processeur/component/Counter.vhd"/>
        <Attr Name="ImportTime" Val="1685456019"/>
        <Attr Name="UsedIn" Val="synthesis"/>
        <Attr Name="UsedIn" Val="simulation"/>
      </FileInfo>
    </File>
    <Config>
      <Option Name="DesignMode" Val="RTL"/>
      <Option Name="TopModule" Val="Processor_tb"/>
    </Config>
  </FileSet>
  <FileSet Name="constrs_in" Type="Constrs" RelSrcDir="$PSRCDIR/constrs_1">
    <Filter Type="Constrs"/>
    <Config>
      <Option Name="ConstrsType" Val="XDC"/>
    </Config>
  </FileSet>
  <Strategy Version="1" Minor="2">
    <StratHandle Name="Vivado Implementation Defaults" Flow="Vivado Implementation 2018"/>
    <Step Id="init_design"/>
    <Step Id="opt_design"/>
    <Step Id="power_opt_design"/>
    <Step Id="place_design"/>
    <Step Id="post_place_power_opt_design"/>
    <Step Id="phys_opt_design"/>
    <Step Id="route_design"/>
    <Step Id="post_route_phys_opt_design"/>
    <Step Id="write_bitstream"/>
  </Strategy>
</GenRun>
