<?xml version="1.0" encoding="UTF-8"?>
<GenRun Id="synth_1" LaunchPart="xc7k70tfbv676-1" LaunchTime="1685600191">
  <File Type="RDS-UTIL-PB" Name="Processor_tb_utilization_synth.pb"/>
  <File Type="RDS-UTIL" Name="Processor_tb_utilization_synth.rpt"/>
  <File Type="RDS-RDS" Name="Processor_tb.vds"/>
  <File Type="RDS-DCP" Name="Processor_tb.dcp"/>
  <File Type="PA-TCL" Name="Processor_tb.tcl"/>
  <File Type="REPORTS-TCL" Name="Processor_tb_reports.tcl"/>
  <FileSet Name="sources" Type="DesignSrcs" RelSrcDir="$PSRCDIR/sources_1">
    <Filter Type="Srcs"/>
    <File Path="$PSRCDIR/sim_1/new/Processor_tb.vhd">
      <FileInfo>
        <Attr Name="UsedIn" Val="synthesis"/>
        <Attr Name="UsedIn" Val="simulation"/>
      </FileInfo>
    </File>
    <Config>
      <Option Name="DesignMode" Val="RTL"/>
      <Option Name="TopModule" Val="Processor_tb"/>
    </Config>
  </FileSet>
  <FileSet Name="constrs_in" Type="Constrs" RelSrcDir="$PSRCDIR/constrs_1">
    <Filter Type="Constrs"/>
    <Config>
      <Option Name="ConstrsType" Val="XDC"/>
    </Config>
  </FileSet>
  <Strategy Version="1" Minor="2">
    <StratHandle Name="Vivado Synthesis Defaults" Flow="Vivado Synthesis 2018"/>
    <Step Id="synth_design"/>
  </Strategy>
</GenRun>
